area,bedrooms,price,bathrooms,stories,mainroad,guestroom,basement,hotwaterheating,airconditioning,parking,prefarea,furnishingstatus
7420,4,13300000,2,3,yes,no,no,no,yes,2,yes,furnished
8960,4,12250000,4,4,yes,no,no,no,yes,3,no,furnished
9960,3,12250000,2,2,yes,no,yes,no,no,2,yes,semi-furnished
7500,4,12215000,2,2,yes,no,yes,no,yes,3,yes,furnished
7420,4,11410000,1,2,yes,yes,yes,no,yes,2,no,furnished
7500,3,10850000,3,1,yes,no,yes,no,yes,2,yes,semi-furnished
8580,4,10150000,3,4,yes,no,no,no,yes,2,yes,semi-furnished
16200,5,10150000,3,2,yes,no,no,no,no,0,no,unfurnished
8100,4,9870000,1,2,yes,yes,yes,no,yes,2,yes,furnished
5750,3,9800000,2,4,yes,yes,no,no,yes,1,yes,unfurnished
13200,3,9800000,1,2,yes,no,yes,no,yes,2,yes,furnished
6000,4,9681000,3,2,yes,yes,yes,yes,no,2,no,semi-furnished
6550,4,9310000,2,2,yes,no,no,no,yes,1,yes,semi-furnished
3500,4,9240000,2,2,yes,no,no,yes,no,2,no,furnished
7800,3,9240000,2,2,yes,no,no,no,no,0,yes,semi-furnished
6000,4,9100000,1,2,yes,no,yes,no,no,2,no,semi-furnished
6600,4,9100000,2,2,yes,yes,yes,no,yes,1,yes,unfurnished
8500,3,8960000,2,4,yes,no,no,no,yes,2,no,furnished
4600,3,8890000,2,2,yes,yes,no,no,yes,2,no,furnished
6420,3,8855000,2,2,yes,no,no,no,yes,1,yes,semi-furnished
4320,3,8750000,1,2,yes,no,yes,yes,no,2,no,semi-furnished
7155,3,8680000,2,1,yes,yes,yes,no,yes,2,no,unfurnished
8050,3,8645000,1,1,yes,yes,yes,no,yes,1,no,furnished
4560,3,8645000,2,2,yes,yes,yes,no,yes,1,no,furnished
8800,3,8575000,2,2,yes,no,no,no,yes,2,no,furnished
6540,4,8540000,2,2,yes,yes,yes,no,yes,2,yes,furnished
6000,3,8463000,2,4,yes,yes,yes,no,yes,0,yes,semi-furnished
8875,3,8400000,1,1,yes,no,no,no,no,1,no,semi-furnished
7950,5,8400000,2,2,yes,no,yes,yes,no,2,no,unfurnished
5500,4,8400000,2,2,yes,no,yes,no,yes,1,yes,semi-furnished
7475,3,8400000,2,4,yes,no,no,no,yes,2,no,unfurnished
7000,3,8400000,1,4,yes,no,no,no,yes,2,no,semi-furnished
4880,4,8295000,2,2,yes,no,no,no,yes,1,yes,furnished
5960,3,8190000,3,2,yes,yes,yes,no,no,1,no,unfurnished
6840,5,8120000,1,2,yes,yes,yes,no,yes,1,no,furnished
7000,3,8080940,2,4,yes,no,no,no,yes,2,no,furnished
7482,3,8043000,2,3,yes,no,no,yes,no,1,yes,furnished
9000,4,7980000,2,4,yes,no,no,no,yes,2,no,furnished
6000,3,7962500,1,4,yes,yes,no,no,yes,2,no,unfurnished
6000,4,7910000,2,4,yes,no,no,no,yes,1,no,semi-furnished
6550,3,7875000,1,2,yes,no,yes,no,yes,0,yes,furnished
6360,3,7840000,2,4,yes,no,no,no,yes,0,yes,furnished
6480,3,7700000,2,4,yes,no,no,no,yes,2,no,unfurnished
6000,4,7700000,2,4,yes,no,no,no,no,2,no,semi-furnished
6000,4,7560000,2,4,yes,no,no,no,yes,1,no,furnished
6000,3,7560000,2,3,yes,no,no,no,yes,0,no,semi-furnished
6000,3,7525000,2,4,yes,no,no,no,yes,1,no,furnished
6600,3,7490000,1,4,yes,no,no,no,yes,3,yes,furnished
4300,3,7455000,2,2,yes,no,yes,no,no,1,no,unfurnished
7440,3,7420000,2,1,yes,yes,yes,no,yes,0,yes,semi-furnished
7440,3,7420000,2,4,yes,no,no,no,no,1,yes,unfurnished
6325,3,7420000,1,4,yes,no,no,no,yes,1,no,unfurnished
6000,4,7350000,2,4,yes,yes,no,no,yes,1,no,furnished
5150,3,7350000,2,4,yes,no,no,no,yes,2,no,semi-furnished
6000,3,7350000,2,2,yes,yes,no,no,yes,1,no,semi-furnished
6000,3,7350000,1,2,yes,no,no,no,yes,1,no,unfurnished
11440,4,7343000,1,2,yes,no,yes,no,no,1,yes,semi-furnished
9000,4,7245000,2,4,yes,yes,no,no,yes,1,yes,furnished
7680,4,7210000,2,4,yes,yes,no,no,yes,1,no,semi-furnished
6000,3,7210000,2,4,yes,yes,no,no,yes,1,no,furnished
6000,3,7140000,2,2,yes,yes,no,no,no,1,no,semi-furnished
8880,2,7070000,1,1,yes,no,no,no,yes,1,no,semi-furnished
6240,4,7070000,2,2,yes,no,no,no,yes,1,no,furnished
6360,4,7035000,2,3,yes,no,no,no,yes,2,yes,furnished
11175,3,7000000,1,1,yes,no,yes,no,yes,1,yes,furnished
8880,3,6930000,2,2,yes,no,yes,no,yes,1,no,furnished
13200,2,6930000,1,1,yes,no,yes,yes,no,1,no,furnished
7700,3,6895000,2,1,yes,no,no,no,no,2,no,unfurnished
6000,3,6860000,1,1,yes,no,no,no,yes,1,no,furnished
12090,4,6790000,2,2,yes,no,no,no,no,2,yes,furnished
4000,3,6790000,2,2,yes,no,yes,no,yes,0,yes,semi-furnished
6000,4,6755000,2,4,yes,no,no,no,yes,0,no,unfurnished
5020,3,6720000,1,4,yes,no,no,no,yes,0,yes,unfurnished
6600,2,6685000,2,4,yes,no,yes,no,no,0,yes,furnished
4040,3,6650000,1,2,yes,no,yes,yes,no,1,no,furnished
4260,4,6650000,2,2,yes,no,no,yes,no,0,no,semi-furnished
6420,3,6650000,2,3,yes,no,no,no,yes,0,yes,furnished
6500,3,6650000,2,3,yes,no,no,no,yes,0,yes,furnished
5700,3,6650000,1,1,yes,yes,yes,no,yes,2,yes,furnished
6000,3,6650000,2,3,yes,yes,no,no,yes,0,no,furnished
6000,3,6629000,1,2,yes,no,no,yes,no,1,yes,semi-furnished
4000,3,6615000,2,2,yes,no,yes,no,yes,1,no,semi-furnished
10500,3,6615000,2,1,yes,no,yes,no,yes,1,yes,furnished
6000,3,6580000,2,4,yes,no,no,no,yes,0,no,semi-furnished
3760,3,6510000,1,2,yes,no,no,yes,no,2,no,semi-furnished
8250,3,6510000,2,3,yes,no,no,no,yes,0,no,furnished
6670,3,6510000,1,3,yes,no,yes,no,no,0,yes,unfurnished
3960,3,6475000,1,1,yes,no,yes,no,no,2,no,semi-furnished
7410,3,6475000,1,1,yes,yes,yes,no,yes,2,yes,unfurnished
8580,5,6440000,3,2,yes,no,no,no,no,2,no,furnished
5000,3,6440000,1,2,yes,no,no,no,yes,0,no,semi-furnished
6750,2,6419000,1,1,yes,yes,yes,no,no,2,yes,furnished
4800,3,6405000,2,4,yes,yes,no,no,yes,0,no,furnished
7200,3,6300000,2,1,yes,no,yes,no,yes,3,no,semi-furnished
6000,4,6300000,2,4,yes,no,no,no,no,1,no,semi-furnished
4100,3,6300000,2,3,yes,no,no,no,yes,2,no,semi-furnished
9000,3,6300000,1,1,yes,no,yes,no,no,1,yes,furnished
6400,3,6300000,1,1,yes,yes,yes,no,yes,1,yes,semi-furnished
6600,3,6293000,2,3,yes,no,no,no,yes,0,yes,unfurnished
6000,4,6265000,1,3,yes,yes,yes,no,no,0,yes,unfurnished
6600,3,6230000,2,1,yes,no,yes,no,yes,0,yes,unfurnished
5500,3,6230000,1,3,yes,no,no,no,no,1,yes,unfurnished
5500,3,6195000,2,4,yes,yes,no,no,yes,1,no,semi-furnished
6350,3,6195000,2,3,yes,yes,no,no,yes,0,no,furnished
5500,3,6195000,2,1,yes,yes,yes,no,no,2,yes,furnished
4500,3,6160000,1,4,yes,no,no,no,yes,0,no,unfurnished
5450,4,6160000,2,1,yes,no,yes,no,yes,0,yes,semi-furnished
6420,3,6125000,1,3,yes,no,yes,no,no,0,yes,unfurnished
3240,4,6107500,1,3,yes,no,no,no,no,1,no,semi-furnished
6615,4,6090000,2,2,yes,yes,no,yes,no,1,no,semi-furnished
6600,3,6090000,1,1,yes,yes,yes,no,no,2,yes,semi-furnished
8372,3,6090000,1,3,yes,no,no,no,yes,2,no,unfurnished
4300,6,6083000,2,2,yes,no,no,no,no,0,no,furnished
9620,3,6083000,1,1,yes,no,yes,no,no,2,yes,furnished
6800,2,6020000,1,1,yes,yes,yes,no,no,2,no,furnished
8000,3,6020000,1,1,yes,yes,yes,no,yes,2,yes,semi-furnished
6900,3,6020000,2,1,yes,yes,yes,no,no,0,yes,unfurnished
3700,4,5950000,1,2,yes,yes,no,no,yes,0,no,furnished
6420,3,5950000,1,1,yes,no,yes,no,yes,0,yes,furnished
7020,3,5950000,1,1,yes,no,yes,no,yes,2,yes,semi-furnished
6540,3,5950000,1,1,yes,yes,yes,no,no,2,yes,furnished
7231,3,5950000,1,2,yes,yes,yes,no,yes,0,yes,semi-furnished
6254,4,5950000,2,1,yes,no,yes,no,no,1,yes,semi-furnished
7320,4,5950000,2,2,yes,no,no,no,no,0,no,furnished
6525,3,5950000,2,4,yes,no,no,no,no,1,no,furnished
15600,3,5943000,1,1,yes,no,no,no,yes,2,no,semi-furnished
7160,3,5880000,1,1,yes,no,yes,no,no,2,yes,unfurnished
6500,3,5880000,2,3,yes,no,no,no,yes,0,no,unfurnished
5500,3,5873000,1,3,yes,yes,no,no,yes,1,no,furnished
11460,3,5873000,1,3,yes,no,no,no,no,2,yes,semi-furnished
4800,3,5866000,1,1,yes,yes,yes,no,no,0,no,unfurnished
5828,4,5810000,1,4,yes,yes,no,no,no,0,no,semi-furnished
5200,3,5810000,1,3,yes,no,no,no,yes,0,no,semi-furnished
4800,3,5810000,1,3,yes,no,no,no,yes,0,no,unfurnished
7000,3,5803000,1,1,yes,no,yes,no,no,2,yes,semi-furnished
6000,3,5775000,2,4,yes,no,no,no,yes,0,no,unfurnished
5400,4,5740000,2,2,yes,no,no,no,yes,2,no,unfurnished
4640,4,5740000,1,2,yes,no,no,no,no,1,no,semi-furnished
5000,3,5740000,1,3,yes,no,no,no,yes,0,no,semi-furnished
6360,3,5740000,1,1,yes,yes,yes,no,yes,2,yes,furnished
5800,3,5740000,2,4,yes,no,no,no,yes,0,no,unfurnished
6660,4,5652500,2,2,yes,yes,yes,no,no,1,yes,semi-furnished
10500,4,5600000,2,2,yes,no,no,no,no,1,no,semi-furnished
4800,5,5600000,2,3,no,no,yes,yes,no,0,no,unfurnished
4700,4,5600000,1,2,yes,yes,yes,no,yes,1,no,furnished
5000,3,5600000,1,4,yes,no,no,no,no,0,no,furnished
10500,2,5600000,1,1,yes,no,no,no,no,1,no,semi-furnished
5500,3,5600000,2,2,yes,no,no,no,no,1,no,semi-furnished
6360,3,5600000,1,3,yes,no,no,no,no,0,yes,semi-furnished
6600,4,5600000,2,1,yes,no,yes,no,no,0,yes,semi-furnished
5136,3,5600000,1,2,yes,yes,yes,no,yes,0,yes,unfurnished
4400,4,5565000,1,2,yes,no,no,no,yes,2,yes,semi-furnished
5400,5,5565000,1,2,yes,yes,yes,no,yes,0,yes,furnished
3300,3,5530000,3,2,yes,no,yes,no,no,0,no,semi-furnished
3650,3,5530000,2,2,yes,no,no,no,no,2,no,semi-furnished
6100,3,5530000,2,1,yes,no,yes,no,no,2,yes,furnished
6900,3,5523000,1,1,yes,yes,yes,no,no,0,yes,semi-furnished
2817,4,5495000,2,2,no,yes,yes,no,no,1,no,furnished
7980,3,5495000,1,1,yes,no,no,no,no,2,no,semi-furnished
3150,3,5460000,2,1,yes,yes,yes,no,yes,0,no,furnished
6210,4,5460000,1,4,yes,yes,no,no,yes,0,no,furnished
6100,3,5460000,1,3,yes,yes,no,no,yes,0,yes,semi-furnished
6600,4,5460000,2,2,yes,yes,yes,no,no,0,yes,semi-furnished
6825,3,5425000,1,1,yes,yes,yes,no,yes,0,yes,semi-furnished
6710,3,5390000,2,2,yes,yes,yes,no,no,1,yes,furnished
6450,3,5383000,2,1,yes,yes,yes,yes,no,0,no,unfurnished
7800,3,5320000,1,1,yes,no,yes,no,yes,2,yes,unfurnished
4600,2,5285000,2,1,yes,no,no,no,yes,2,no,semi-furnished
4260,4,5250000,1,2,yes,no,yes,no,yes,0,no,furnished
6540,4,5250000,2,2,no,no,no,no,yes,0,no,semi-furnished
5500,3,5250000,2,1,yes,no,yes,no,no,0,no,semi-furnished
10269,3,5250000,1,1,yes,no,no,no,no,1,yes,semi-furnished
8400,3,5250000,1,2,yes,yes,yes,no,yes,2,yes,unfurnished
5300,4,5250000,2,1,yes,no,no,no,yes,0,yes,unfurnished
3800,3,5250000,1,2,yes,yes,yes,no,no,1,yes,unfurnished
9800,4,5250000,2,2,yes,yes,no,no,no,2,no,semi-furnished
8520,3,5250000,1,1,yes,no,no,no,yes,2,no,furnished
6050,3,5243000,1,1,yes,no,yes,no,no,0,yes,semi-furnished
7085,3,5229000,1,1,yes,yes,yes,no,no,2,yes,semi-furnished
3180,3,5215000,2,2,yes,no,no,no,no,2,no,semi-furnished
4500,4,5215000,2,1,no,no,yes,no,yes,2,no,semi-furnished
7200,3,5215000,1,2,yes,yes,yes,no,no,1,yes,furnished
3410,3,5145000,1,2,no,no,no,no,yes,0,no,semi-furnished
7980,3,5145000,1,1,yes,no,no,no,no,1,yes,semi-furnished
3000,3,5110000,2,2,yes,yes,yes,no,no,0,no,furnished
3000,3,5110000,1,2,yes,no,yes,no,no,0,no,unfurnished
11410,2,5110000,1,2,yes,no,no,no,no,0,yes,furnished
6100,3,5110000,1,1,yes,no,yes,no,yes,0,yes,semi-furnished
5720,2,5075000,1,2,yes,no,no,no,yes,0,yes,unfurnished
3540,2,5040000,1,1,no,yes,yes,no,no,0,no,semi-furnished
7600,4,5040000,1,2,yes,no,no,no,yes,2,no,furnished
10700,3,5040000,1,2,yes,yes,yes,no,no,0,no,semi-furnished
6600,3,5040000,1,1,yes,yes,yes,no,no,0,yes,furnished
4800,2,5033000,1,1,yes,yes,yes,no,no,0,no,semi-furnished
8150,3,5005000,2,1,yes,yes,yes,no,no,0,no,semi-furnished
4410,4,4970000,3,2,yes,no,yes,no,no,2,no,semi-furnished
7686,3,4970000,1,1,yes,yes,yes,yes,no,0,no,semi-furnished
2800,3,4956000,2,2,no,no,yes,no,yes,1,no,semi-furnished
5948,3,4935000,1,2,yes,no,no,no,yes,0,no,semi-furnished
4200,3,4907000,1,2,yes,no,no,no,no,1,no,furnished
4520,3,4900000,1,2,yes,no,yes,no,yes,0,no,semi-furnished
4095,3,4900000,1,2,no,yes,yes,no,yes,0,no,semi-furnished
4120,2,4900000,1,1,yes,no,yes,no,no,1,no,semi-furnished
5400,4,4900000,1,2,yes,no,no,no,no,0,no,semi-furnished
4770,3,4900000,1,1,yes,yes,yes,no,no,0,no,semi-furnished
6300,3,4900000,1,1,yes,no,no,no,yes,2,no,semi-furnished
5800,2,4900000,1,1,yes,yes,yes,no,yes,0,no,semi-furnished
3000,3,4900000,1,2,yes,no,yes,no,yes,0,no,semi-furnished
2970,3,4900000,1,3,yes,no,no,no,no,0,no,semi-furnished
6720,3,4900000,1,1,yes,no,no,no,no,0,no,unfurnished
4646,3,4900000,1,2,yes,yes,yes,no,no,2,no,semi-furnished
12900,3,4900000,1,1,yes,no,no,no,no,2,no,furnished
3420,4,4893000,2,2,yes,no,yes,no,yes,2,no,semi-furnished
4995,4,4893000,2,1,yes,no,yes,no,no,0,no,semi-furnished
4350,2,4865000,1,1,yes,no,yes,no,no,0,no,unfurnished
4160,3,4830000,1,3,yes,no,no,no,no,0,no,unfurnished
6040,3,4830000,1,1,yes,no,no,no,no,2,yes,semi-furnished
6862,3,4830000,1,2,yes,no,no,no,yes,2,yes,furnished
4815,2,4830000,1,1,yes,no,no,no,yes,0,yes,semi-furnished
7000,3,4795000,1,2,yes,no,yes,no,no,0,no,unfurnished
8100,4,4795000,1,4,yes,no,yes,no,yes,2,no,semi-furnished
3420,4,4767000,2,2,yes,no,no,no,no,0,no,semi-furnished
9166,2,4760000,1,1,yes,no,yes,no,yes,2,no,semi-furnished
6321,3,4760000,1,2,yes,no,yes,no,yes,1,no,furnished
10240,2,4760000,1,1,yes,no,no,no,yes,2,yes,unfurnished
6440,2,4753000,1,1,yes,no,no,no,yes,3,no,semi-furnished
5170,3,4690000,1,4,yes,no,no,no,yes,0,no,semi-furnished
6000,2,4690000,1,1,yes,no,yes,no,yes,1,no,furnished
3630,3,4690000,1,2,yes,no,no,no,no,2,no,semi-furnished
9667,4,4690000,2,2,yes,yes,yes,no,no,1,no,semi-furnished
5400,2,4690000,1,2,yes,no,no,no,no,0,yes,semi-furnished
4320,3,4690000,1,1,yes,no,no,no,no,0,yes,semi-furnished
3745,3,4655000,1,2,yes,no,yes,no,no,0,no,furnished
4160,3,4620000,1,1,yes,yes,yes,no,yes,0,no,unfurnished
3880,3,4620000,2,2,yes,no,yes,no,no,2,no,semi-furnished
5680,3,4620000,1,2,yes,yes,no,no,yes,1,no,semi-furnished
2870,2,4620000,1,2,yes,yes,yes,no,no,0,yes,semi-furnished
5010,3,4620000,1,2,yes,no,yes,no,no,0,no,semi-furnished
4510,4,4613000,2,2,yes,no,yes,no,no,0,no,semi-furnished
4000,3,4585000,1,2,yes,no,no,no,no,1,no,furnished
3840,3,4585000,1,2,yes,no,no,no,no,1,yes,semi-furnished
3760,3,4550000,1,1,yes,no,no,no,no,2,no,semi-furnished
3640,3,4550000,1,2,yes,no,no,no,yes,0,no,furnished
2550,3,4550000,1,2,yes,no,yes,no,no,0,no,furnished
5320,3,4550000,1,2,yes,yes,yes,no,no,0,yes,semi-furnished
5360,3,4550000,1,2,yes,no,no,no,no,2,yes,unfurnished
3520,3,4550000,1,1,yes,no,no,no,no,0,yes,semi-furnished
8400,4,4550000,1,4,yes,no,no,no,no,3,no,unfurnished
4100,2,4543000,2,1,yes,yes,yes,no,no,0,no,semi-furnished
4990,4,4543000,2,2,yes,yes,yes,no,no,0,yes,furnished
3510,3,4515000,1,3,yes,no,no,no,no,0,no,semi-furnished
3450,3,4515000,1,2,yes,no,yes,no,no,1,no,semi-furnished
9860,3,4515000,1,1,yes,no,no,no,no,0,no,semi-furnished
3520,2,4515000,1,2,yes,no,no,no,no,0,yes,furnished
4510,4,4480000,1,2,yes,no,no,no,yes,2,no,semi-furnished
5885,2,4480000,1,1,yes,no,no,no,yes,1,no,unfurnished
4000,3,4480000,1,2,yes,no,no,no,no,2,no,furnished
8250,3,4480000,1,1,yes,no,no,no,no,0,no,furnished
4040,3,4480000,1,2,yes,no,no,no,no,1,no,semi-furnished
6360,2,4473000,1,1,yes,no,yes,no,yes,1,no,furnished
3162,3,4473000,1,2,yes,no,no,no,yes,1,no,furnished
3510,3,4473000,1,2,yes,no,no,no,no,0,no,semi-furnished
3750,2,4445000,1,1,yes,yes,yes,no,no,0,no,semi-furnished
3968,3,4410000,1,2,no,no,no,no,no,0,no,semi-furnished
4900,2,4410000,1,2,yes,no,yes,no,no,0,no,semi-furnished
2880,3,4403000,1,2,yes,no,no,no,no,0,yes,semi-furnished
4880,3,4403000,1,1,yes,no,no,no,no,2,yes,unfurnished
4920,3,4403000,1,2,yes,no,no,no,no,1,no,semi-furnished
4950,4,4382000,1,2,yes,no,no,no,yes,0,no,semi-furnished
3900,3,4375000,1,2,yes,no,no,no,no,0,no,unfurnished
4500,3,4340000,2,3,yes,no,no,yes,no,1,no,furnished
1905,5,4340000,1,2,no,no,yes,no,no,0,no,semi-furnished
4075,3,4340000,1,1,yes,yes,yes,no,no,2,no,semi-furnished
3500,4,4340000,1,2,yes,no,no,no,no,2,no,furnished
6450,4,4340000,1,2,yes,no,no,no,no,0,no,semi-furnished
4032,2,4319000,1,1,yes,no,yes,no,no,0,no,furnished
4400,2,4305000,1,1,yes,no,no,no,no,1,no,semi-furnished
10360,2,4305000,1,1,yes,no,no,no,no,1,yes,semi-furnished
3400,3,4277000,1,2,yes,no,yes,no,no,2,yes,semi-furnished
6360,2,4270000,1,1,yes,no,no,no,no,0,no,furnished
6360,2,4270000,1,2,yes,no,no,no,no,0,no,unfurnished
4500,2,4270000,1,1,yes,no,no,no,yes,2,no,furnished
2175,3,4270000,1,2,no,yes,yes,no,yes,0,no,unfurnished
4360,4,4270000,1,2,yes,no,no,no,no,0,no,furnished
7770,2,4270000,1,1,yes,no,no,no,no,1,no,furnished
6650,3,4235000,1,2,yes,yes,no,no,no,0,no,semi-furnished
2787,3,4235000,1,1,yes,no,yes,no,no,0,yes,furnished
5500,3,4200000,1,2,yes,no,no,no,yes,0,no,unfurnished
5040,3,4200000,1,2,yes,no,yes,no,yes,0,no,unfurnished
5850,2,4200000,1,1,yes,yes,yes,no,no,2,no,semi-furnished
2610,4,4200000,3,2,no,no,no,no,no,0,no,semi-furnished
2953,3,4200000,1,2,yes,no,yes,no,yes,0,no,unfurnished
2747,4,4200000,2,2,no,no,no,no,no,0,no,semi-furnished
4410,2,4200000,1,1,no,no,no,no,no,1,no,unfurnished
4000,4,4200000,2,2,no,no,no,no,no,0,no,semi-furnished
2325,3,4200000,1,2,no,no,no,no,no,0,no,semi-furnished
4600,3,4200000,2,2,yes,no,no,no,yes,1,no,semi-furnished
3640,3,4200000,2,2,yes,no,yes,no,no,0,no,unfurnished
5800,3,4200000,1,1,yes,no,no,yes,no,2,no,semi-furnished
7000,3,4200000,1,1,yes,no,no,no,no,3,no,furnished
4079,3,4200000,1,3,yes,no,no,no,no,0,no,semi-furnished
3520,3,4200000,1,2,yes,no,no,no,no,0,yes,semi-furnished
2145,3,4200000,1,3,yes,no,no,no,no,1,yes,unfurnished
4500,3,4200000,1,1,yes,no,yes,no,no,0,no,furnished
8250,3,4193000,1,1,yes,no,yes,no,no,3,no,semi-furnished
3450,3,4193000,1,2,yes,no,no,no,no,1,no,semi-furnished
4840,3,4165000,1,2,yes,no,no,no,no,1,no,semi-furnished
4080,3,4165000,1,2,yes,no,no,no,no,2,no,semi-furnished
4046,3,4165000,1,2,yes,no,yes,no,no,1,no,semi-furnished
4632,4,4130000,1,2,yes,no,no,no,yes,0,no,semi-furnished
5985,3,4130000,1,1,yes,no,yes,no,no,0,no,semi-furnished
6060,2,4123000,1,1,yes,no,yes,no,no,1,no,semi-furnished
3600,3,4098500,1,1,yes,no,yes,no,yes,0,yes,furnished
3680,3,4095000,2,2,yes,no,no,no,no,0,no,semi-furnished
4040,2,4095000,1,2,yes,no,no,no,no,1,no,semi-furnished
5600,2,4095000,1,1,yes,no,no,no,yes,0,no,semi-furnished
5900,4,4060000,2,2,no,no,yes,no,no,1,no,unfurnished
4992,3,4060000,2,2,yes,no,no,no,no,2,no,unfurnished
4340,3,4060000,1,1,yes,no,no,no,no,0,no,semi-furnished
3000,4,4060000,1,3,yes,no,yes,no,yes,2,no,semi-furnished
4320,3,4060000,1,2,yes,no,no,no,no,2,yes,furnished
3630,3,4025000,2,2,yes,no,no,yes,no,2,no,semi-furnished
3460,3,4025000,2,1,yes,no,yes,no,yes,1,no,furnished
5400,3,4025000,1,1,yes,no,no,no,no,3,no,semi-furnished
4500,3,4007500,1,2,no,no,yes,no,yes,0,no,semi-furnished
3460,4,4007500,1,2,yes,no,no,no,yes,0,no,semi-furnished
4100,4,3990000,1,1,no,no,yes,no,no,0,no,unfurnished
6480,3,3990000,1,2,no,no,no,no,yes,1,no,semi-furnished
4500,3,3990000,2,2,no,no,yes,no,yes,0,no,semi-furnished
3960,3,3990000,1,2,yes,no,no,no,no,0,no,furnished
4050,2,3990000,1,2,yes,yes,yes,no,no,0,yes,unfurnished
7260,3,3920000,2,1,yes,yes,yes,no,no,3,no,furnished
5500,4,3920000,1,2,yes,yes,yes,no,no,0,no,semi-furnished
3000,3,3920000,1,2,yes,no,no,no,no,0,no,semi-furnished
3290,2,3920000,1,1,yes,no,no,yes,no,1,no,furnished
3816,2,3920000,1,1,yes,no,yes,no,yes,2,no,furnished
8080,3,3920000,1,1,yes,no,no,no,yes,2,no,semi-furnished
2145,4,3920000,2,1,yes,no,yes,no,no,0,yes,unfurnished
3780,2,3885000,1,2,yes,yes,yes,no,no,0,no,semi-furnished
3180,4,3885000,2,2,yes,no,no,no,no,0,no,furnished
5300,5,3850000,2,2,yes,no,no,no,no,0,no,semi-furnished
3180,2,3850000,2,1,yes,no,yes,no,no,2,no,semi-furnished
7152,3,3850000,1,2,yes,no,no,no,yes,0,no,furnished
4080,2,3850000,1,1,yes,no,no,no,no,0,no,semi-furnished
3850,2,3850000,1,1,yes,no,no,no,no,0,no,semi-furnished
2015,3,3850000,1,2,yes,no,yes,no,no,0,yes,semi-furnished
2176,2,3850000,1,2,yes,yes,no,no,no,0,yes,semi-furnished
3350,3,3836000,1,2,yes,no,no,no,no,0,no,unfurnished
3150,2,3815000,2,1,no,no,yes,no,no,0,no,semi-furnished
4820,3,3780000,1,2,yes,no,no,no,no,0,no,semi-furnished
3420,2,3780000,1,2,yes,no,no,yes,no,1,no,semi-furnished
3600,2,3780000,1,1,yes,no,no,no,no,0,no,semi-furnished
5830,2,3780000,1,1,yes,no,no,no,no,2,no,unfurnished
2856,3,3780000,1,3,yes,no,no,no,no,0,yes,furnished
8400,2,3780000,1,1,yes,no,no,no,no,1,no,furnished
8250,3,3773000,1,1,yes,no,no,no,no,2,no,furnished
2520,5,3773000,2,1,no,no,yes,no,yes,1,no,furnished
6930,4,3773000,1,2,no,no,no,no,no,1,no,furnished
3480,2,3745000,1,1,yes,no,no,no,no,0,yes,semi-furnished
3600,3,3710000,1,1,yes,no,no,no,no,1,no,unfurnished
4040,2,3710000,1,1,yes,no,no,no,no,0,no,semi-furnished
6020,3,3710000,1,1,yes,no,no,no,no,0,no,semi-furnished
4050,2,3710000,1,1,yes,no,no,no,no,0,no,furnished
3584,2,3710000,1,1,yes,no,no,yes,no,0,no,semi-furnished
3120,3,3703000,1,2,no,no,yes,yes,no,0,no,semi-furnished
5450,2,3703000,1,1,yes,no,no,no,no,0,no,furnished
3630,2,3675000,1,1,yes,no,yes,no,no,0,no,furnished
3630,2,3675000,1,1,yes,no,no,no,yes,0,no,unfurnished
5640,2,3675000,1,1,no,no,no,no,no,0,no,semi-furnished
3600,2,3675000,1,1,yes,no,no,no,no,0,no,furnished
4280,2,3640000,1,1,yes,no,no,no,yes,2,no,semi-furnished
3570,3,3640000,1,2,yes,no,yes,no,no,0,no,semi-furnished
3180,3,3640000,1,2,no,no,yes,no,no,0,no,semi-furnished
3000,2,3640000,1,2,yes,no,no,no,yes,0,no,furnished
3520,2,3640000,2,1,yes,no,yes,no,no,0,no,semi-furnished
5960,3,3640000,1,2,yes,yes,yes,no,no,0,no,unfurnished
4130,3,3640000,2,2,yes,no,no,no,no,2,no,semi-furnished
2850,3,3640000,2,2,no,no,yes,no,no,0,yes,unfurnished
2275,3,3640000,1,3,yes,no,no,yes,yes,0,yes,semi-furnished
3520,3,3633000,1,1,yes,no,no,no,no,2,yes,unfurnished
4500,2,3605000,1,1,yes,no,no,no,no,0,no,semi-furnished
4000,2,3605000,1,1,yes,no,no,no,no,0,yes,semi-furnished
3150,3,3570000,1,2,yes,no,yes,no,no,0,no,furnished
4500,4,3570000,2,2,yes,no,yes,no,no,2,no,furnished
4500,2,3570000,1,1,no,no,no,no,no,0,no,furnished
3640,2,3570000,1,1,yes,no,no,no,no,0,no,unfurnished
3850,3,3535000,1,1,yes,no,no,no,no,2,no,unfurnished
4240,3,3500000,1,2,yes,no,no,no,yes,0,no,semi-furnished
3650,3,3500000,1,2,yes,no,no,no,no,0,no,unfurnished
4600,4,3500000,1,2,yes,no,no,no,no,0,no,semi-furnished
2135,3,3500000,2,2,no,no,no,no,no,0,no,unfurnished
3036,3,3500000,1,2,yes,no,yes,no,no,0,no,semi-furnished
3990,3,3500000,1,2,yes,no,no,no,no,0,no,semi-furnished
7424,3,3500000,1,1,no,no,no,no,no,0,no,unfurnished
3480,3,3500000,1,1,no,no,no,no,yes,0,no,unfurnished
3600,6,3500000,1,2,yes,no,no,no,no,1,no,unfurnished
3640,2,3500000,1,1,yes,no,no,no,no,1,no,semi-furnished
5900,2,3500000,1,1,yes,no,no,no,no,1,no,furnished
3120,3,3500000,1,2,yes,no,no,no,no,1,no,unfurnished
7350,2,3500000,1,1,yes,no,no,no,no,1,no,semi-furnished
3512,2,3500000,1,1,yes,no,no,no,no,1,yes,unfurnished
9500,3,3500000,1,2,yes,no,no,no,no,3,yes,unfurnished
5880,2,3500000,1,1,yes,no,no,no,no,0,no,unfurnished
12944,3,3500000,1,1,yes,no,no,no,no,0,no,unfurnished
4900,3,3493000,1,2,no,no,no,no,no,0,no,unfurnished
3060,3,3465000,1,1,yes,no,no,no,no,0,no,unfurnished
5320,2,3465000,1,1,yes,no,no,no,no,1,yes,unfurnished
2145,3,3465000,1,3,yes,no,no,no,no,0,yes,furnished
4000,2,3430000,1,1,yes,no,no,no,no,0,no,unfurnished
3185,2,3430000,1,1,yes,no,no,no,no,2,no,unfurnished
3850,3,3430000,1,1,yes,no,no,no,no,0,no,unfurnished
2145,3,3430000,1,3,yes,no,no,no,no,0,yes,furnished
2610,3,3430000,1,2,yes,no,yes,no,no,0,yes,unfurnished
1950,3,3430000,2,2,yes,no,yes,no,no,0,yes,unfurnished
4040,2,3423000,1,1,yes,no,no,no,no,0,no,unfurnished
4785,3,3395000,1,2,yes,yes,yes,no,yes,1,no,furnished
3450,3,3395000,1,1,yes,no,yes,no,no,2,no,unfurnished
3640,2,3395000,1,1,yes,no,no,no,no,0,no,furnished
3500,4,3360000,1,2,yes,no,no,no,yes,2,no,unfurnished
4960,4,3360000,1,3,no,no,no,no,no,0,no,semi-furnished
4120,2,3360000,1,2,yes,no,no,no,no,0,no,unfurnished
4750,2,3360000,1,1,yes,no,no,no,no,0,no,unfurnished
3720,2,3360000,1,1,no,no,no,no,yes,0,no,unfurnished
3750,3,3360000,1,1,yes,no,no,no,no,0,no,unfurnished
3100,3,3360000,1,2,no,no,yes,no,no,0,no,semi-furnished
3185,2,3360000,1,1,yes,no,yes,no,no,2,no,furnished
2700,3,3353000,1,1,no,no,no,no,no,0,no,furnished
2145,3,3332000,1,2,yes,no,yes,no,no,0,yes,furnished
4040,2,3325000,1,1,yes,no,no,no,no,1,no,unfurnished
4775,4,3325000,1,2,yes,no,no,no,no,0,no,unfurnished
2500,2,3290000,1,1,no,no,no,no,yes,0,no,unfurnished
3180,4,3290000,1,2,yes,no,yes,no,yes,0,no,unfurnished
6060,3,3290000,1,1,yes,yes,yes,no,no,0,no,furnished
3480,4,3290000,1,2,no,no,no,no,no,1,no,semi-furnished
3792,4,3290000,1,2,yes,no,no,no,no,0,no,semi-furnished
4040,2,3290000,1,1,yes,no,no,no,no,0,no,unfurnished
2145,3,3290000,1,2,yes,no,yes,no,no,0,yes,furnished
5880,3,3290000,1,1,yes,no,no,no,no,1,no,unfurnished
4500,2,3255000,1,1,no,no,no,no,no,0,no,semi-furnished
3930,2,3255000,1,1,no,no,no,no,no,0,no,unfurnished
3640,4,3234000,1,2,yes,no,yes,no,no,0,no,unfurnished
4370,3,3220000,1,2,yes,no,no,no,no,0,no,unfurnished
2684,2,3220000,1,1,yes,no,no,no,yes,1,no,unfurnished
4320,3,3220000,1,1,no,no,no,no,no,1,no,unfurnished
3120,3,3220000,1,2,no,no,no,no,no,0,no,furnished
3450,1,3150000,1,1,yes,no,no,no,no,0,no,furnished
3986,2,3150000,2,1,no,yes,yes,no,no,1,no,unfurnished
3500,2,3150000,1,1,no,no,yes,no,no,0,no,semi-furnished
4095,2,3150000,1,1,yes,no,no,no,no,2,no,semi-furnished
1650,3,3150000,1,2,no,no,yes,no,no,0,no,unfurnished
3450,3,3150000,1,2,yes,no,yes,no,no,0,no,semi-furnished
6750,2,3150000,1,1,yes,no,no,no,no,0,no,semi-furnished
9000,3,3150000,1,2,yes,no,no,no,no,2,no,semi-furnished
3069,2,3150000,1,1,yes,no,no,no,no,1,no,unfurnished
4500,3,3143000,1,2,yes,no,no,no,yes,0,no,unfurnished
5495,3,3129000,1,1,yes,no,yes,no,no,0,no,unfurnished
2398,3,3118850,1,1,yes,no,no,no,no,0,yes,semi-furnished
3000,3,3115000,1,1,no,no,no,no,yes,0,no,unfurnished
3850,3,3115000,1,2,yes,no,no,no,no,0,no,unfurnished
3500,2,3115000,1,1,yes,no,no,no,no,0,no,unfurnished
8100,2,3087000,1,1,yes,no,no,no,no,1,no,unfurnished
4960,2,3080000,1,1,yes,no,yes,no,yes,0,no,unfurnished
2160,3,3080000,1,2,no,no,yes,no,no,0,no,semi-furnished
3090,2,3080000,1,1,yes,yes,yes,no,no,0,no,unfurnished
4500,2,3080000,1,2,yes,no,no,yes,no,1,no,semi-furnished
3800,2,3045000,1,1,yes,no,no,no,no,0,no,unfurnished
3090,3,3010000,1,2,no,no,no,no,no,0,no,semi-furnished
3240,3,3010000,1,2,yes,no,no,no,no,2,no,semi-furnished
2835,2,3010000,1,1,yes,no,no,no,no,0,no,semi-furnished
4600,2,3010000,1,1,yes,no,no,no,no,0,no,furnished
5076,3,3010000,1,1,no,no,no,no,no,0,no,unfurnished
3750,3,3010000,1,2,yes,no,no,no,no,0,no,unfurnished
3630,4,3010000,1,2,yes,no,no,no,no,3,no,semi-furnished
8050,2,3003000,1,1,yes,no,no,no,no,0,no,unfurnished
4352,4,2975000,1,2,no,no,no,no,no,1,no,unfurnished
3000,2,2961000,1,2,yes,no,no,no,no,0,no,semi-furnished
5850,3,2940000,1,2,yes,no,yes,no,no,1,no,unfurnished
4960,2,2940000,1,1,yes,no,no,no,no,0,no,unfurnished
3600,3,2940000,1,2,no,no,no,no,no,1,no,unfurnished
3660,4,2940000,1,2,no,no,no,no,no,0,no,unfurnished
3480,3,2940000,1,2,no,no,no,no,no,1,no,semi-furnished
2700,2,2940000,1,1,no,no,no,no,no,0,no,furnished
3150,3,2940000,1,2,no,no,no,no,no,0,no,unfurnished
6615,3,2940000,1,2,yes,no,no,no,no,0,no,semi-furnished
3040,2,2870000,1,1,no,no,no,no,no,0,no,unfurnished
3630,2,2870000,1,1,yes,no,no,no,no,0,no,unfurnished
6000,2,2870000,1,1,yes,no,no,no,no,0,no,semi-furnished
5400,4,2870000,1,2,yes,no,no,no,no,0,no,unfurnished
5200,4,2852500,1,3,yes,no,no,no,no,0,no,unfurnished
3300,3,2835000,1,2,no,no,no,no,no,1,no,semi-furnished
4350,3,2835000,1,2,no,no,no,yes,no,1,no,unfurnished
2640,2,2835000,1,1,no,no,no,no,no,1,no,furnished
2650,3,2800000,1,2,yes,no,yes,no,no,1,no,unfurnished
3960,3,2800000,1,1,yes,no,no,no,no,0,no,furnished
6800,2,2730000,1,1,yes,no,no,no,no,0,no,unfurnished
4000,3,2730000,1,2,yes,no,no,no,no,1,no,unfurnished
4000,2,2695000,1,1,yes,no,no,no,no,0,no,unfurnished
3934,2,2660000,1,1,yes,no,no,no,no,0,no,unfurnished
2000,2,2660000,1,2,yes,no,no,no,no,0,no,semi-furnished
3630,3,2660000,3,2,no,yes,no,no,no,0,no,unfurnished
2800,3,2660000,1,1,yes,no,no,no,no,0,no,unfurnished
2430,3,2660000,1,1,no,no,no,no,no,0,no,unfurnished
3480,2,2660000,1,1,yes,no,no,no,no,1,no,semi-furnished
4000,3,2660000,1,1,yes,no,no,no,no,0,no,semi-furnished
3185,2,2653000,1,1,yes,no,no,no,yes,0,no,unfurnished
4000,3,2653000,1,2,yes,no,no,no,yes,0,no,unfurnished
2910,2,2604000,1,1,no,no,no,no,no,0,no,unfurnished
3600,2,2590000,1,1,yes,no,no,no,no,0,no,unfurnished
4400,2,2590000,1,1,yes,no,no,no,no,0,no,unfurnished
3600,2,2590000,2,2,yes,no,yes,no,no,1,no,furnished
2880,3,2520000,1,1,no,no,no,no,no,0,no,unfurnished
3180,3,2520000,1,1,no,no,no,no,no,0,no,unfurnished
3000,2,2520000,1,2,yes,no,no,no,no,0,no,furnished
4400,3,2485000,1,2,yes,no,no,no,no,0,no,unfurnished
3000,3,2485000,1,2,no,no,no,no,no,0,no,semi-furnished
3210,3,2450000,1,2,yes,no,yes,no,no,0,no,unfurnished
3240,2,2450000,1,1,no,yes,no,no,no,1,no,unfurnished
3000,2,2450000,1,1,yes,no,no,no,no,1,no,unfurnished
3500,2,2450000,1,1,yes,yes,no,no,no,0,no,unfurnished
4840,2,2450000,1,2,yes,no,no,no,no,0,no,unfurnished
7700,2,2450000,1,1,yes,no,no,no,no,0,no,unfurnished
3635,2,2408000,1,1,no,no,no,no,no,0,no,unfurnished
2475,3,2380000,1,2,yes,no,no,no,no,0,no,furnished
2787,4,2380000,2,2,yes,no,no,no,no,0,no,furnished
3264,2,2380000,1,1,yes,no,no,no,no,0,no,unfurnished
3640,2,2345000,1,1,yes,no,no,no,no,0,no,unfurnished
3180,2,2310000,1,1,yes,no,no,no,no,0,no,unfurnished
1836,2,2275000,1,1,no,no,yes,no,no,0,no,semi-furnished
3970,1,2275000,1,1,no,no,no,no,no,0,no,unfurnished
3970,3,2275000,1,2,yes,no,yes,no,no,0,no,unfurnished
1950,3,2240000,1,1,no,no,no,yes,no,0,no,unfurnished
5300,3,2233000,1,1,no,no,no,no,yes,0,yes,unfurnished
3000,2,2135000,1,1,no,no,no,no,no,0,no,unfurnished
2400,3,2100000,1,2,yes,no,no,no,no,0,no,unfurnished
3000,4,2100000,1,2,yes,no,no,no,no,0,no,unfurnished
3360,2,2100000,1,1,yes,no,no,no,no,1,no,unfurnished
3420,5,1960000,1,2,no,no,no,no,no,0,no,unfurnished
1700,3,1890000,1,2,yes,no,no,no,no,0,no,unfurnished
3649,2,1890000,1,1,yes,no,no,no,no,0,no,unfurnished
2990,2,1855000,1,1,no,no,no,no,no,1,no,unfurnished
3000,2,1820000,1,1,yes,no,yes,no,no,2,no,unfurnished
2400,3,1767150,1,1,no,no,no,no,no,0,no,semi-furnished
3620,2,1750000,1,1,yes,no,no,no,no,0,no,unfurnished
2910,3,1750000,1,1,no,no,no,no,no,0,no,furnished
3850,3,1750000,1,2,yes,no,no,no,no,0,no,unfurnished
